<?xml version="1.0" encoding="UTF-8"?>
<addon id="plugin.video.hcmlike-tvonline" name="HCMLIKE - TV Online" version="1.2.3" provider-name="HCMLIKE.com">
    <requires>
        <import addon="xbmc.python" version="2.1.0"/>
    </requires>
    <extension point="xbmc.python.pluginsource" library="default.py">
        <provides>video</provides>
    </extension>
    <extension point="xbmc.addon.metadata">
        <platform>all</platform>
        <summary lang="en">HCMLIKE - TV Online</summary>
        <language></language>
        <description lang="en">Truyền hình trực tuyến tại HCMLIKE.com</description>
        <disclaimer lang="en">Copyright © HCMLIKE.com - Nguồn phát bởi HTVOnline và một số nguồn khác trên Internet. Chúng tôi không kiểm soát bất kỳ kênh truyền hình nào, cũng như không chịu trách nhiệm bản quyền nội dung trên các kênh truyền hình. Người xem đồng ý và cân nhắc nội dung mà mình muốn xem.</disclaimer>
        <website>http://hcmlike.com</website>
        <source>http://ec2server.entrydns.org/hcmlike/kodi.repo.hcmlike-media</source>
        <forum>http://www.hdvietnam.com/diendan/229-android-box/969799-danh-sach-cac-ung-dung-pho.html</forum>
        <email>hcmlike@gmail.com</email>
    </extension>
</addon>
